,Tree depth,Cross-validation score
0,1.0,0.688045343137255
1,2.0,0.695857843137255
2,3.0,0.6974111519607844
3,4.0,0.7224050245098039
4,5.0,0.7122334558823529
5,6.0,0.707561274509804
6,7.0,0.7192830882352942
7,8.0,0.6989705882352941
8,9.0,0.7068045343137255
9,10.0,0.7146047794117647
