,feature,feature_importance
0,alcohol,0.2948189155893348
1,sulphates,0.12163749399678997
2,volatile acidity,0.10262133845455003
3,total sulfur dioxide,0.08745278310844204
4,chlorides,0.08057583037952029
5,fixed acidity,0.07197889247158111
6,residual sugar,0.07088779992034912
7,citric acid,0.05244825183081635
8,pH,0.05108178286054667
9,free sulfur dioxide,0.035060735507726
10,density,0.03143617588034362
