,feature,feature_importance
10,alcohol,0.2489127148473839
1,volatile acidity,0.10808479555077334
9,sulphates,0.10516161661548272
6,total sulfur dioxide,0.09092148778752844
0,fixed acidity,0.08137425047482406
3,residual sugar,0.07871727234420828
4,chlorides,0.07080599561674694
8,pH,0.06947451217197709
2,citric acid,0.06334835314382087
7,density,0.04774806358398516
5,free sulfur dioxide,0.035450937863269236
